Id,Designator,Footprint,Quantity,Designation,Supplier and ref
1,D1,SK6805-E-J,1,SK6805-E-J,https://www.lcsc.com/product-detail/Light-Emitting-Diodes-LED_OPSCO-Optoelectronics-SK6805-EC15_C2890035.html
2,"R4,R3",402,2,5.1k,https://www.lcsc.com/product-detail/Chip-Resistor-Surface-Mount_FOJAN-FRC0402J512-TS_C2906948.html
3,Y1,Crystal_SMD_3225-4Pin_3.2x2.5mm,1,12MHz,https://www.lcsc.com/product-detail/_TAE-Zhejiang-Abel-Elec-_C133334.html
4,"C2,C3,C4,C12,C14,C15,C16,C9,C8,C17,C13",402,11,100n,https://www.lcsc.com/product-detail/Multilayer-Ceramic-Capacitors-MLCC-SMD-SMT_Samsung-Electro-Mechanics-CL05B104KO5NNNC_C1525.html
5,U1,QFN-56-1EP_7x7mm_P0.4mm_EP3.2x3.2mm,1,RP2040,https://www.lcsc.com/product-detail/Microcontroller-Units-MCUs-MPUs-SOCs_Raspberry-Pi-RP2040_C2040.html
6,"R1,R2",402,2,27,https://www.lcsc.com/product-detail/Chip-Resistor-Surface-Mount_FOJAN-FRC0402F27R0TS_C2909343.html
7,"C7,C6",402,2,27p,https://www.lcsc.com/product-detail/Multilayer-Ceramic-Capacitors-MLCC-SMD-SMT_YAGEO-CC0402JRNPO9BN270_C107002.html
8,IC1,SON50P300X200X60-9N,1,W25Q16JVUXIQ,https://www.lcsc.com/product-detail/NOR-FLASH_Winbond-Elec-W25Q16JVUXIQ_C2843335.html
9,"R6,R5",402,2,1k,https://www.lcsc.com/product-detail/Chip-Resistor-Surface-Mount_FOJAN-FRC0402J102-TS_C2906899.html
10,VREG1,SOT95P285X140-5N,1,VREG,https://www.lcsc.com/product-detail/Linear-Voltage-Regulators-LDO_UMW-Youtai-Semiconductor-Co-Ltd-XC6219B332MR_C347386.html
11,"R9,R8,R7",402,3,47,https://www.lcsc.com/product-detail/Chip-Resistor-Surface-Mount_FOJAN-FRC0402J470-TS_C2906947.html
12,"C11,C10,C5,C1",402,4,2.2u,https://www.lcsc.com/product-detail/Multilayer-Ceramic-Capacitors-MLCC-SMD-SMT_Samsung-Electro-Mechanics-CL05A225MQ5NSNC_C12530.html
13,S1,TACTILE_SWITCH_SMD_4.6X2.8MM,1,MOMENTARY-SWITCH-SPST-SMD-4.6X2.8MM,https://lcsc.com/product-detail/Tactile-Switches_C-K-KMR221GLFS_C72443.html
14,J1,XKB-USB-C-16P,1,XKB-USB-C16PIN,https://www.lcsc.com/product-detail/Connectors_XKB-Connectivity-U262-161N-4BVC11_C319148.html
15,F1,Fuse_0603_1608Metric,1,500mA,https://www.lcsc.com/product-detail/Resettable-Fuses_BHFUSE-BSMD0603-075-6V_C914092.html
16,J5,FH34SRJ-6S-0.5SH50,1,Conn_01x06_MountingPin,https://www.lcsc.com/product-detail/FFC-FPC-Connectors_HRS-Hirose-FH34SRJ-6S-0-5SH-50_C224194.html
17,J3,1.27mm header,1,,https://www.lcsc.com/product-detail/Pin-Headers_DEALON-DZ127R-11-05-25_C2935945.html
